gene_accession,HBB10u_t2_M_BC,HBB06e_t1_M_BC,HBB09u_t1_M_BC,HBB07e_t3_M_BC,HBB06e_t2_M_BC,HBB07e_t2_M_BC,HBB06u_t3_M_BC,HBB08u_t1_M_BC,HBB09e_t1_M_BC,HBB06u_t2_M_BC,HBB07u_t4_M_BC,HBB08e_t1_M_BC,HBB10u_t4_M_BC,HBB06e_t4_M_BC,HBB07e_t4_M_BC,HBB10e_t2_M_BC,HBB06u_t1_M_BC,HBB10e_t1_M_BC,HBB09u_t4_M_BC,HBB07e_t1_M_BC,HBB08e_t4_M_BC,HBB08u_t4_M_BC,HBB10u_t3_M_BC,HBB06e_t3_M_BC,HBB08e_t2_M_BC,HBB06u_t4_M_BC,HBB10u_t1_M_BC,HBB10e_t3_M_BC,HBB09e_t4_M_BC,HBB07u_t2_M_BC,HBB10e_t4_M_BC,HBB07u_t1_M_BC,HBB07u_t3_M_BC,HBB08u_t2_M_BC,HBB09u_t3_M_BC,HBB08u_t3_M_BC,HBB09e_t2_M_BC,HBB09e_t3_M_BC,HBB09u_t2_M_BC,HBB08e_t3_M_BC
MEG_7215/Drugs/Tetracyclines/Tetracycline_resistance_ribosomal_protection_proteins/TETW,0,0,0,33,0,0,0,30,0,0,0,0,0,0,0,0,49,0,0,0,0,0,0,0,29,0,34,0,0,0,0,38,0,20,37,0,0,0,0,0
MEG_1091/Drugs/Aminoglycosides/Aminoglycoside_O_phosphotransferases/APH6,0,0,0,0,0,0,29,0,0,0,0,19,35,0,0,0,0,0,0,0,34,27,0,0,0,0,42,0,0,0,13,0,0,10,159,0,0,0,0,0
MEG_7040/Drugs/Tetracyclines/Tetracycline_resistance_MFS_efflux_pumps/TETB,325,239,275,167,154,185,300,340,264,166,271,167,155,121,153,243,232,261,282,322,168,162,244,122,212,164,200,101,200,219,91,309,348,0,216,150,76,0,180,131
MEG_8/Drugs/Aminoglycosides/Aminoglycoside_resistant_16S_ribosomal_subunit_protein/A16S/RequiresSNPConfirmation,0,2054,2516,1906,0,1338,2404,3950,3219,1364,1415,2799,1505,2191,1083,3447,2062,2971,0,0,1660,1584,1400,1798,0,4859,0,0,1525,2216,0,1557,3279,0,3526,0,2118,0,0,1864
MEG_2789/Drugs/MLS/23S_rRNA_methyltransferases/ERMB,31,0,37,17,0,41,30,48,21,16,27,47,30,0,0,47,28,21,28,50,0,39,48,17,22,27,51,0,31,24,0,34,36,17,47,0,0,0,30,24
MEG_7854/Metals/Zinc_resistance/Zinc_resistance_regulator/ZNTR,0,0,0,0,0,0,0,0,0,0,0,0,0,0,0,6,0,0,0,0,0,0,0,0,0,0,0,0,0,5,0,0,0,0,0,0,0,0,0,0
MEG_2017/Metals/Copper_resistance/Copper_resistance_regulator/COMR,0,0,0,0,0,0,0,0,0,0,0,0,0,0,0,0,0,0,0,0,0,0,0,0,0,8,0,0,0,0,0,0,0,0,0,0,0,0,0,0
MEG_3610/Drugs/MLS/Lincosamide_nucleotidyltransferases/LNUC,0,0,0,0,0,0,0,0,0,0,0,0,0,0,0,7,0,0,0,0,0,0,0,0,0,0,0,0,0,0,0,0,0,0,0,0,25,0,0,0
MEG_7082/Drugs/Tetracyclines/Tetracycline_resistance_MFS_efflux_pumps/TETH,104,116,88,49,41,16,36,106,73,39,188,69,52,56,0,59,66,14,44,193,30,43,58,0,78,25,144,75,117,28,38,66,50,71,64,18,0,118,18,0
MEG_3977/Drugs/MLS/Macrolide_resistant_23S_rRNA_mutation/MLS23S/RequiresSNPConfirmation,49379,48392,49450,26817,23126,22957,41525,60094,47274,29473,43032,37289,31166,28160,26649,36837,40623,44483,49883,72471,49212,31841,43873,22149,32482,32398,35255,27825,36205,42646,21359,56425,56804,33564,33768,24927,24597,24245,39430,25951
MEG_7039/Drugs/Tetracyclines/Tetracycline_resistance_MFS_efflux_pumps/TETB,194,149,179,94,101,89,246,237,220,87,151,119,151,79,85,141,152,158,177,148,206,169,166,83,124,100,170,93,198,177,89,201,253,82,90,152,63,92,174,120
MEG_7085/Drugs/Tetracyclines/Tetracycline_resistance_MFS_efflux_pumps/TETH,80,97,91,30,33,0,34,71,49,25,157,49,26,25,0,36,72,0,41,148,27,0,44,31,64,15,128,46,98,27,40,76,30,53,63,0,0,72,0,0
MEG_1055/Drugs/Aminoglycosides/Aminoglycoside_O_phosphotransferases/APH3_DPRIME,0,0,0,0,0,0,10,0,0,0,0,0,0,0,0,0,0,15,0,0,12,0,0,0,0,0,0,0,0,0,0,0,0,0,0,0,0,0,0,0
MEG_2087/Metals/Multi_metal_resistance/Multi_metal_resistance_protein/CORA,0,0,0,0,0,0,0,0,0,0,0,0,0,0,0,0,0,0,117,0,0,0,0,0,0,0,0,0,0,0,0,0,0,0,0,0,0,0,0,0
MEG_6583/Drugs/Sulfonamides/Sulfonamide_resistant_dihydropteroate_synthases/SULI,0,0,0,0,0,0,0,0,0,0,0,20,0,0,0,0,0,0,0,0,0,0,0,0,0,0,0,0,0,0,0,0,0,0,0,0,0,0,0,0
MEG_1019/Drugs/Aminoglycosides/Aminoglycoside_O_phosphotransferases/APH3_DPRIME,0,0,54,0,0,0,49,0,30,0,0,0,80,0,0,21,0,42,63,30,69,30,39,0,0,16,0,0,0,0,21,0,0,27,154,0,0,23,45,0
MEG_4976/Drugs/betalactams/Class_D_betalactamases/OXA,0,0,0,0,0,0,0,0,0,0,0,17,0,0,0,0,0,0,0,0,0,0,0,0,10,0,0,0,0,0,0,0,0,0,0,0,0,0,0,0
MEG_7141/Drugs/Tetracyclines/Tetracycline_resistance_ribosomal_protection_proteins/TETM,0,0,0,0,0,0,0,0,0,0,0,0,0,0,0,0,0,0,0,0,0,0,61,0,0,0,0,0,0,0,0,0,0,0,0,0,0,0,0,0
MEG_7069/Drugs/Tetracyclines/Tetracycline_resistance_MFS_efflux_pumps/TETD,0,0,45,0,0,0,0,0,0,0,0,0,0,0,0,0,0,34,22,23,0,22,0,0,0,0,0,0,0,0,0,0,0,0,0,0,0,0,18,0
MEG_1173/Metals/Arsenic_resistance/Arsenic_resistance_regulator/ARSR,0,0,0,0,0,0,0,0,0,0,0,0,0,0,0,3,0,0,0,0,0,0,0,0,0,0,0,0,0,0,0,0,0,0,0,0,0,0,0,0
MEG_7/Drugs/Aminoglycosides/Aminoglycoside_resistant_16S_ribosomal_subunit_protein/A16S/RequiresSNPConfirmation,6510,4907,9554,3217,2774,4975,6270,6381,5234,3001,5695,5159,6021,2667,3538,6076,5320,5171,7424,7261,4679,6315,6476,3464,5331,5340,6390,4869,5000,3056,3699,6005,8038,4670,9675,3311,3435,4723,7606,6573
MEG_7094/Drugs/Tetracyclines/Tetracycline_resistance_MFS_efflux_pumps/TETL,0,0,245,56,196,0,0,0,0,0,28,0,22,0,0,0,0,43,0,0,90,0,0,0,0,0,82,0,0,0,0,0,0,0,36,0,0,0,0,226
MEG_2430/Drugs/betalactams/Class_A_betalactamases/CTX,0,0,0,0,0,0,0,0,0,0,401,0,0,0,0,28,0,0,231,0,3670,68,0,0,0,0,0,471,0,0,0,0,0,0,0,0,137,0,0,85
MEG_2378/Drugs/betalactams/Class_A_betalactamases/CTX,0,0,0,0,0,0,0,0,0,0,1106,0,0,0,0,0,0,0,373,0,4563,109,0,0,0,0,0,1202,0,0,0,0,0,0,0,0,91,31,0,146
MEG_7862/Metals/Zinc_resistance/Zinc_resistance_regulator/ZRAR,0,0,0,0,0,0,0,0,0,0,0,0,0,0,0,19,0,0,0,0,0,0,0,0,0,0,0,0,0,0,0,0,0,0,0,0,0,0,0,0
MEG_6099/Drugs/Rifampin/Rifampin_resistant_beta_subunit_of_RNA_polymerase_RpoB/RPOB/RequiresSNPConfirmation,0,0,0,0,0,0,0,0,0,0,0,0,0,0,0,0,0,0,467,0,0,0,0,0,0,0,0,0,0,0,0,0,0,0,0,0,0,0,0,0
MEG_2847/Drugs/MLS/23S_rRNA_methyltransferases/ERMT,83,104,133,52,19,112,67,118,64,0,65,42,67,0,34,45,89,68,71,156,0,86,101,33,71,85,50,0,77,60,46,97,136,30,96,0,24,54,74,57
MEG_7092/Drugs/Tetracyclines/Tetracycline_resistance_MFS_efflux_pumps/TETL,0,0,49,0,56,0,0,0,0,0,0,0,0,0,0,0,0,0,0,0,0,0,0,0,0,0,30,0,0,0,0,0,0,0,0,0,0,0,0,38
MEG_3244/Drugs/Aminocoumarins/Aminocoumarin_resistant_DNA_topoisomerases/GYRBA/RequiresSNPConfirmation,0,0,0,0,0,0,0,0,0,0,0,0,0,0,0,0,0,0,479,0,0,0,0,0,0,0,0,0,0,0,0,0,0,0,0,0,0,0,0,0
MEG_6863/Drugs/betalactams/Class_A_betalactamases/TEM,0,0,0,0,0,0,0,0,0,0,0,0,0,0,0,0,0,0,0,0,0,0,0,0,0,0,0,0,0,0,0,0,0,0,0,14,0,0,0,0
MEG_6/Drugs/Aminoglycosides/Aminoglycoside_resistant_16S_ribosomal_subunit_protein/A16S/RequiresSNPConfirmation,8915,8591,8587,4813,4434,3983,7429,10523,8617,5457,7293,6723,5573,5233,4760,6708,7170,7787,6751,12951,6089,5257,7758,4204,5734,5714,5813,5092,6404,7680,3611,9869,10606,6244,6181,4758,4232,4207,7024,4223
MEG_3756/Multi_compound/Drug_and_biocide_resistance/Drug_and_biocide_SMR_efflux_pumps/MDTI,0,0,0,0,0,0,0,10,0,0,0,0,0,0,0,0,6,0,0,0,0,0,0,0,0,0,0,0,0,0,0,0,0,0,0,0,0,0,0,0
MEG_2091/Metals/Multi_metal_resistance/Multi_metal_resistance_protein/CORC,0,0,0,0,0,0,0,0,0,0,0,0,0,0,0,35,0,0,61,0,167,0,0,0,0,0,0,0,0,0,0,0,0,0,0,0,37,0,0,41
MEG_7105/Drugs/Tetracyclines/Tetracycline_resistance_ribosomal_protection_proteins/TETM,201,116,301,71,67,183,160,167,93,61,62,145,155,67,72,158,172,129,228,316,46,187,196,62,117,140,183,0,58,81,38,171,87,70,245,41,42,97,250,103
MEG_6044/Drugs/Multi_drug_resistance/Multi_drug_RND_efflux_regulator/RAMA,0,4,0,0,0,0,0,0,0,0,0,0,0,0,0,0,0,0,0,0,0,0,0,0,0,0,0,0,0,0,0,0,0,0,0,0,0,0,0,0
MEG_7313/Drugs/Elfamycins/EF_Tu_inhibition/TUFAB/RequiresSNPConfirmation,0,0,0,0,0,0,0,0,0,0,402,0,394,0,0,590,0,0,307,0,229,482,0,263,455,0,0,345,0,0,122,0,731,0,1003,296,0,0,486,571
MEG_3608/Drugs/MLS/Lincosamide_nucleotidyltransferases/LNUA,0,0,0,0,0,0,0,0,0,0,0,0,0,0,0,0,0,0,0,0,0,0,0,0,0,0,0,0,0,38,0,0,0,0,0,0,0,0,0,0
MEG_1166/Metals/Multi_metal_resistance/Multi_metal_resistance_protein/ARSDM,0,0,0,0,0,0,0,8,5,0,0,0,0,0,0,0,0,16,0,0,0,0,0,0,0,0,0,0,0,0,0,0,20,0,0,0,0,0,19,0
MEG_3998/Metals/Multi_metal_resistance/Multi_metal_resistance_protein/MNTH,0,0,0,0,0,0,0,0,0,0,0,0,0,42,0,0,0,0,0,0,0,0,0,0,0,0,0,0,0,0,0,0,0,0,0,0,0,0,0,0
MEG_2618/Drugs/Trimethoprim/Dihydrofolate_reductase/DHFR/RequiresSNPConfirmation,0,0,0,0,0,0,0,0,0,0,0,8,0,0,0,0,0,0,0,0,0,0,0,0,0,0,0,0,0,0,0,0,0,0,0,0,0,0,0,0
MEG_6634/Drugs/Sulfonamides/Sulfonamide_resistant_dihydropteroate_synthases/SULII,99,65,18,20,28,13,0,39,36,14,58,32,12,20,22,33,46,0,15,51,0,29,56,25,41,0,65,36,72,27,17,36,24,35,22,15,31,26,19,24
MEG_4170/Metals/Nickel_resistance/Nickel_ABC_efflux_pumps/NIKC,0,0,0,0,0,0,0,26,0,0,0,0,0,0,0,0,0,0,0,0,0,0,0,0,0,0,0,0,0,0,0,0,0,0,0,0,0,0,0,0
MEG_6107/Drugs/Rifampin/Rifampin_resistant_beta_subunit_of_RNA_polymerase_RpoB/RPOB/RequiresSNPConfirmation,0,0,0,0,0,0,0,0,0,0,0,0,0,0,0,0,0,0,499,0,0,0,0,0,0,0,0,0,0,0,0,0,0,0,0,0,0,0,0,0
MEG_2702/Biocides/Acid_resistance/Acid_resistance_protein/EEFX,3,0,0,0,0,0,0,0,0,0,0,0,0,0,0,0,0,0,0,0,0,0,0,0,0,0,0,0,0,0,0,0,0,0,0,0,0,0,0,0
MEG_1045/Drugs/Aminoglycosides/Aminoglycoside_O_phosphotransferases/APH3_DPRIME,0,0,30,13,0,0,29,21,23,0,0,0,28,0,0,11,13,0,18,0,42,0,0,0,0,0,12,0,14,0,0,0,0,22,117,0,0,0,0,0
MEG_7607/Drugs/Glycopeptides/VanF_type_accessory_protein/VANYF,52,0,0,0,0,0,0,0,0,0,0,0,0,0,0,45,0,0,0,0,0,53,0,0,0,0,0,0,76,0,117,0,0,0,0,0,0,0,0,0
MEG_1064/Drugs/Aminoglycosides/Aminoglycoside_O_phosphotransferases/APH3_PRIME,0,0,0,0,0,0,0,0,0,0,0,59,0,0,0,0,0,0,0,0,0,0,0,0,20,0,0,0,0,0,0,0,0,0,0,0,0,0,0,0
MEG_2795/Drugs/MLS/23S_rRNA_methyltransferases/ERMB,0,8,22,0,0,11,0,33,0,0,0,27,0,0,0,51,0,10,17,39,0,14,17,0,12,0,25,0,14,0,0,0,13,18,22,0,0,0,0,0
MEG_1490/Drugs/Cationic_antimicrobial_peptides/Cationic_peptide_resistant_16S_ribosomal_subunit_protein/CAP16S/RequiresSNPConfirmation,4502,3768,4389,2267,1968,2610,3449,4917,3359,2295,3920,2940,2960,2210,2324,3920,3555,3606,4607,5089,4413,3214,3899,2098,3433,3026,3333,2829,3204,3580,1712,4619,5359,3100,4235,2329,2300,2409,4224,3162
MEG_2793/Drugs/MLS/23S_rRNA_methyltransferases/ERMB,154,51,185,54,64,153,167,119,46,44,56,107,105,48,37,165,93,61,242,143,41,142,200,70,89,167,89,38,94,48,33,102,73,132,263,30,39,97,254,165
MEG_7042/Drugs/Tetracyclines/Tetracycline_resistance_MFS_efflux_pumps/TETB,507,410,406,237,221,233,545,593,427,260,392,358,309,210,196,379,381,394,417,533,295,270,444,224,215,292,378,223,368,434,182,531,666,215,319,277,139,214,351,197
MEG_7818/Biocides/Peroxide_resistance/peroxide_resistance_protein/YDEI,0,0,0,0,0,0,0,6,0,0,0,0,0,0,0,0,0,0,0,0,0,0,0,0,0,0,0,0,0,0,0,0,0,0,0,0,0,0,0,0
MEG_7303/Drugs/Elfamycins/EF_Tu_inhibition/TUFAB/RequiresSNPConfirmation,0,0,0,0,0,0,0,0,0,0,725,0,0,0,0,0,0,0,723,0,0,1098,0,568,919,616,0,0,796,0,397,0,1380,0,1722,0,0,0,1041,943
MEG_1614/Drugs/Phenicol/Chloramphenicol_acetyltransferases/CATB/RequiresSNPConfirmation,0,0,0,0,0,0,0,0,0,0,0,10,0,0,0,0,0,0,0,0,0,0,0,0,0,0,0,0,0,0,0,0,0,0,0,0,0,0,0,0
MEG_3749/Multi_compound/Drug_and_biocide_and_metal_resistance/Drug_and_biocide_and_metal_RND_efflux_pumps/MDTC,0,0,0,0,0,0,0,0,0,0,0,0,0,0,0,73,0,0,0,0,0,0,0,0,0,0,0,0,0,0,0,0,0,0,0,0,0,0,0,0
MEG_9/Drugs/Aminoglycosides/Aminoglycoside_resistant_16S_ribosomal_subunit_protein/A16S/RequiresSNPConfirmation,1904,1246,2302,1124,897,1583,1529,1953,1615,719,1808,1512,1923,873,1068,2287,1719,1474,1897,2090,0,1876,1842,1227,2200,1556,1855,1754,1463,1162,858,2022,3288,1587,3883,1399,1143,1751,2866,2260
MEG_1084/Drugs/Aminoglycosides/Aminoglycoside_O_phosphotransferases/APH6,18,0,25,0,0,0,22,30,35,0,0,0,40,0,0,17,0,0,9,0,31,12,0,11,0,10,23,0,0,0,0,0,0,0,155,0,0,0,0,0
MEG_1579/Drugs/Phenicol/Chloramphenicol_acetyltransferases/CATA,14,0,0,0,0,0,0,12,0,0,0,0,10,0,0,16,0,0,0,11,0,0,0,42,0,0,0,0,0,0,0,0,0,0,0,0,0,0,0,0
MEG_1575/Drugs/Phenicol/Chloramphenicol_acetyltransferases/CATA,0,0,0,0,42,16,12,57,0,0,25,19,29,0,0,32,0,9,33,18,11,12,0,39,0,18,41,0,23,0,0,10,0,16,11,0,21,16,0,14
MEG_7081/Drugs/Tetracyclines/Tetracycline_resistance_MFS_efflux_pumps/TETG,0,0,0,22,0,0,0,0,0,0,0,0,0,0,0,0,0,0,0,0,0,0,0,0,0,0,0,0,0,0,0,0,0,0,0,0,0,0,0,0
MEG_7450/Drugs/Glycopeptides/VanA_type_regulator/VANRA,0,0,0,0,0,0,0,0,0,0,0,0,10,0,0,0,0,0,0,0,0,39,0,0,0,0,0,0,0,0,0,0,82,0,0,0,0,0,0,0
MEG_7104/Drugs/Tetracyclines/Tetracycline_resistance_ribosomal_protection_proteins/TETM,236,127,346,67,92,168,204,208,130,76,109,190,213,66,109,212,182,184,294,358,58,228,220,64,137,196,210,0,89,72,69,188,178,76,244,92,87,100,256,192
MEG_7140/Drugs/Tetracyclines/Tetracycline_resistance_ribosomal_protection_proteins/TETM,212,92,244,48,0,144,135,116,87,48,72,125,149,46,0,169,128,135,214,282,0,164,151,59,96,127,144,0,76,78,43,139,92,85,208,60,49,84,165,89
MEG_7084/Drugs/Tetracyclines/Tetracycline_resistance_MFS_efflux_pumps/TETH,68,101,75,46,0,0,48,94,46,0,173,63,26,27,0,57,51,0,0,162,31,0,40,31,60,0,122,0,102,0,51,83,36,69,51,19,0,103,23,0
MEG_7214/Drugs/Tetracyclines/Tetracycline_resistance_ribosomal_protection_proteins/TETW,0,0,0,0,0,0,0,0,0,0,0,0,0,0,0,0,0,0,0,0,0,0,47,0,0,0,0,0,0,0,0,0,0,0,0,0,0,0,0,0
MEG_3271/Drugs/Multi_drug_resistance/Multi_drug_RND_efflux_pumps/HNS,0,0,0,0,0,0,0,0,0,0,22,0,0,0,0,10,0,0,56,0,223,39,0,0,0,0,0,33,0,0,0,0,0,0,0,0,25,0,0,20
MEG_7016/Drugs/Tetracyclines/Tetracycline_resistance_MFS_efflux_pumps/TETA,87,0,0,0,0,0,0,0,0,0,0,0,0,0,0,0,0,0,0,0,0,0,0,0,0,0,0,0,0,0,0,0,0,0,0,0,0,0,0,0
MEG_7062/Drugs/Tetracyclines/Tetracycline_resistance_MFS_efflux_pumps/TETC,0,34,0,0,0,0,0,0,40,0,105,0,0,0,0,25,29,0,92,0,130,0,0,0,0,0,0,45,0,0,46,0,0,0,0,0,101,30,28,0
MEG_6143/Drugs/Tetracyclines/Tetracycline_resistance_ribosomal_protection_proteins/RPSJ/RequiresSNPConfirmation,0,0,0,0,0,0,0,6,0,0,0,0,0,0,0,0,0,0,0,0,0,0,0,0,0,0,0,0,0,0,0,0,0,0,0,0,0,0,0,0
MEG_6616/Drugs/Sulfonamides/Sulfonamide_resistant_dihydropteroate_synthases/SULI,0,0,0,0,0,0,0,0,0,0,0,29,0,0,0,0,0,0,0,0,0,0,0,0,0,0,0,0,0,0,0,0,0,0,0,0,0,0,0,0
MEG_7185/Drugs/Tetracyclines/Tetracycline_transcriptional_repressor/TETR/RequiresSNPConfirmation,101,0,0,33,0,0,0,0,29,0,0,0,40,0,0,0,0,45,0,120,0,0,12,0,31,0,0,130,34,18,56,0,0,0,0,0,0,0,0,75
MEG_4981/Drugs/betalactams/Class_D_betalactamases/OXA,0,0,0,0,0,0,0,0,0,0,0,16,0,0,0,0,0,0,0,0,0,0,0,0,0,0,0,0,0,0,0,0,0,0,0,0,0,0,0,0
MEG_5816/Metals/Arsenic_resistance/Arsenic_resistance_protein/PSTS,0,15,0,0,0,0,0,0,0,0,0,0,0,0,0,0,0,0,0,0,0,0,0,0,0,0,0,0,0,0,0,0,0,0,0,0,0,0,0,0
MEG_2/Drugs/Aminoglycosides/Aminoglycoside_resistant_16S_ribosomal_subunit_protein/A16S/RequiresSNPConfirmation,8638,7173,8486,4554,3684,4431,6498,9855,7804,4233,7661,6473,6087,4157,3997,7269,6783,7123,8716,14128,10219,5994,7741,3594,5926,5285,6276,5375,6413,7073,3596,9174,9801,6421,7591,4826,4286,4304,8646,5467
MEG_2844/Drugs/MLS/23S_rRNA_methyltransferases/ERMR,223,464,385,119,93,303,195,318,299,57,207,190,186,90,72,123,270,455,211,705,79,230,378,71,156,295,200,39,195,227,68,338,264,117,201,129,75,111,144,158
MEG_6617/Drugs/Sulfonamides/Sulfonamide_resistant_dihydropteroate_synthases/SULII,146,85,33,0,26,30,27,59,42,25,95,48,36,28,38,32,65,13,31,53,24,40,81,37,61,12,82,35,70,38,35,60,54,43,29,10,30,34,30,25
MEG_7134/Drugs/Tetracyclines/Tetracycline_resistance_ribosomal_protection_proteins/TETM,87,0,99,0,0,81,0,59,0,0,0,63,71,0,0,61,61,57,104,121,40,65,91,0,0,80,74,0,0,0,0,69,68,0,140,31,0,0,86,0
MEG_6629/Drugs/Sulfonamides/Sulfonamide_resistant_dihydropteroate_synthases/SULII,88,63,21,0,11,14,16,53,35,25,46,35,23,39,0,43,47,17,0,52,19,39,46,21,49,0,53,41,36,28,37,58,29,43,24,0,0,40,0,32
MEG_6636/Drugs/Sulfonamides/Sulfonamide_resistant_dihydropteroate_synthases/SULII,92,94,0,0,27,23,0,78,39,0,55,32,0,21,0,0,56,8,0,39,24,34,39,26,45,15,46,0,57,20,30,27,32,21,14,0,17,25,24,25
MEG_7131/Drugs/Tetracyclines/Tetracycline_resistance_ribosomal_protection_proteins/TETM,88,68,95,132,0,93,41,129,129,0,0,79,102,60,56,127,197,62,129,97,0,113,129,79,76,138,75,0,59,38,0,288,0,105,138,33,25,0,148,131
MEG_2804/Drugs/MLS/23S_rRNA_methyltransferases/ERMB,53,0,42,0,0,36,0,53,0,0,0,52,0,0,0,45,0,0,0,40,0,0,50,0,0,0,0,0,0,0,0,0,0,0,0,0,0,0,37,0
MEG_7108/Drugs/Tetracyclines/Tetracycline_resistance_ribosomal_protection_proteins/TETM,0,0,0,0,0,91,0,50,0,0,0,0,0,0,0,0,0,0,85,0,0,75,85,0,0,0,0,0,0,0,0,0,0,0,0,0,0,0,67,0
MEG_7609/Drugs/Glycopeptides/VanF_type_accessory_protein/VANYF,0,0,0,0,0,0,0,0,0,0,0,0,0,0,0,0,0,0,0,0,0,0,0,0,0,0,0,0,0,0,52,0,0,0,0,0,0,0,0,0
MEG_751/Drugs/Aminoglycosides/Aminoglycoside_O_nucleotidyltransferases/ANT2_DPRIME,0,0,0,0,0,0,0,0,0,0,0,12,0,0,0,0,0,0,0,0,0,0,0,0,0,0,0,0,0,0,0,0,0,0,0,0,0,0,0,0
MEG_6543/Biocides/Peroxide_resistance/peroxide_resistance_protein/SODA,0,0,0,0,0,0,0,0,0,0,0,0,0,0,0,0,0,0,25,0,0,0,0,0,0,0,0,0,0,0,0,0,0,0,0,0,0,0,0,0
MEG_7032/Drugs/Tetracyclines/Tetracycline_resistance_MFS_efflux_pumps/TETA,18,0,0,0,0,0,0,0,0,0,0,0,0,0,0,0,0,0,0,19,0,0,0,0,0,0,0,0,0,0,0,0,0,0,0,0,0,0,0,0
MEG_7047/Drugs/Tetracyclines/Tetracycline_resistance_MFS_efflux_pumps/TETB,263,164,200,107,105,82,223,290,166,120,140,176,134,110,117,188,188,193,195,226,137,130,207,83,122,118,153,117,148,159,81,256,280,103,124,132,73,92,132,100
MEG_7067/Drugs/Tetracyclines/Tetracycline_resistance_MFS_efflux_pumps/TETC,0,26,0,0,0,0,0,0,26,0,59,0,26,0,0,31,37,0,48,0,65,0,0,0,0,0,0,52,0,0,27,0,0,0,0,0,79,0,32,0
MEG_6582/Drugs/Sulfonamides/Sulfonamide_resistant_dihydropteroate_synthases/SULI,41,0,0,0,0,0,0,30,24,0,41,0,0,17,0,0,24,0,0,25,0,0,0,0,0,0,27,0,0,0,0,0,0,0,0,0,0,0,0,0
MEG_7048/Drugs/Tetracyclines/Tetracycline_resistance_MFS_efflux_pumps/TETB,240,252,204,96,107,126,273,324,207,153,228,144,174,129,157,256,182,202,197,238,157,128,220,126,145,152,164,136,189,210,99,270,289,104,198,136,83,133,160,98
MEG_7212/Drugs/Tetracyclines/Tetracycline_resistance_ribosomal_protection_proteins/TETW,0,0,0,0,0,0,0,28,0,0,0,0,0,0,0,0,0,0,0,0,0,0,0,0,0,0,0,0,0,0,0,0,0,0,0,0,0,0,0,0
MEG_2435/Drugs/betalactams/Class_A_betalactamases/CTX,0,0,0,0,0,0,0,0,0,0,2088,0,33,0,22,0,0,0,589,0,5462,190,0,0,0,0,0,1913,17,0,78,0,0,0,0,0,103,76,0,170
MEG_6147/Drugs/Aminoglycosides/Aminoglycoside_resistant_16S_ribosomal_subunit_protein/RRSH/RequiresSNPConfirmation,5523,4517,4978,2779,2468,2998,4334,6009,4368,2920,4397,3562,3480,2750,2898,4471,4250,4270,5125,6042,5241,3912,4272,2614,4018,3490,3871,3446,3524,4245,2137,5701,6270,3871,4790,2653,2970,2920,4780,3497
MEG_1176/Metals/Multi_metal_resistance/Multi_metal_resistance_protein/ARSRM,0,0,0,0,0,0,0,0,6,0,0,0,0,0,0,0,0,12,0,0,0,0,0,0,0,0,0,0,0,0,0,0,21,0,0,0,0,0,0,0
MEG_7061/Drugs/Tetracyclines/Tetracycline_resistance_MFS_efflux_pumps/TETC,0,0,57,0,0,0,0,0,0,0,0,0,0,0,0,0,0,35,28,29,0,17,0,0,0,0,0,0,0,0,0,0,0,0,0,0,0,0,0,0
MEG_7068/Drugs/Tetracyclines/Tetracycline_resistance_MFS_efflux_pumps/TETD,0,0,76,0,0,0,0,19,0,0,0,0,0,0,0,0,0,57,30,56,0,37,0,0,0,0,0,0,0,0,0,0,0,0,26,0,0,0,0,0
MEG_6624/Drugs/Sulfonamides/Sulfonamide_resistant_dihydropteroate_synthases/SULII,82,66,22,14,23,0,0,57,40,14,54,16,19,38,33,27,52,0,0,55,0,29,54,0,49,0,50,28,61,39,29,53,31,23,28,0,14,22,0,29
MEG_7109/Drugs/Tetracyclines/Tetracycline_resistance_ribosomal_protection_proteins/TETM,0,50,118,0,0,89,56,77,52,0,0,0,66,29,0,52,0,68,78,101,0,65,96,37,0,90,0,0,0,0,0,98,56,47,83,0,31,0,116,80
MEG_7132/Drugs/Tetracyclines/Tetracycline_resistance_ribosomal_protection_proteins/TETM,119,85,112,123,0,103,46,133,94,25,0,75,116,83,39,150,210,74,150,95,23,187,105,80,63,124,88,0,56,26,36,306,0,103,149,50,30,38,136,187
MEG_7046/Drugs/Tetracyclines/Tetracycline_resistance_MFS_efflux_pumps/TETB,232,194,217,110,0,103,255,307,204,138,179,157,165,97,128,194,178,162,254,215,155,124,208,113,119,133,161,146,159,204,95,260,266,113,157,121,77,93,177,106
MEG_3205/Drugs/Fluoroquinolones/Fluoroquinolone_resistant_DNA_topoisomerases/GYRA/RequiresSNPConfirmation,0,0,0,0,0,0,0,0,0,0,0,0,0,0,0,0,0,0,204,0,0,0,0,0,0,0,0,0,0,0,0,0,0,0,0,0,0,0,0,0
MEG_7024/Drugs/Tetracyclines/Tetracycline_resistance_MFS_efflux_pumps/TETA,0,0,0,0,0,0,0,0,0,0,0,0,0,0,0,0,0,0,0,46,0,0,0,0,0,0,0,0,0,0,20,0,0,0,0,0,0,0,0,0
MEG_7312/Drugs/Elfamycins/EF_Tu_inhibition/TUFAB/RequiresSNPConfirmation,3254,2998,2956,1563,1363,1539,2707,3691,3032,1655,2575,2412,1904,1631,1367,2009,2327,2656,2616,5307,1852,1641,2829,1231,1805,1996,2078,1302,2160,2582,1311,3163,3406,1931,1785,1681,1271,1225,2488,1339
MEG_2084/Metals/Multi_metal_resistance/Multi_metal_resistance_protein/CORA,0,0,0,0,0,0,0,0,0,0,0,0,0,0,0,0,0,0,147,0,0,0,0,0,0,0,0,0,0,0,0,0,0,0,0,0,0,0,0,0
MEG_4/Drugs/Aminoglycosides/Aminoglycoside_resistant_16S_ribosomal_subunit_protein/A16S/RequiresSNPConfirmation,4772,2878,6428,2234,2152,4050,4651,4966,3607,2069,3470,3886,4144,1800,2547,4087,3880,3445,5010,4956,2739,4066,5202,2161,3364,3725,4350,2793,3490,2146,2335,4367,4787,3196,5940,2135,2329,3062,4983,4046
MEG_7070/Drugs/Tetracyclines/Tetracycline_resistance_MFS_efflux_pumps/TETD,1299,1160,1161,642,571,561,1191,1417,1016,607,920,802,795,652,612,975,893,938,984,1351,879,634,1160,463,717,729,789,400,928,1078,443,1087,1702,555,710,715,380,558,786,544
MEG_2805/Drugs/MLS/23S_rRNA_methyltransferases/ERMB,157,55,132,33,62,134,123,175,61,38,49,117,72,42,50,244,57,80,86,246,22,108,141,68,48,104,150,0,71,58,26,76,96,124,110,21,45,58,100,108
MEG_5321/Biocides/Multi_biocide_resistance/Multi_biocide_resistance_regulator/OXYRKP,0,0,0,0,0,0,0,0,0,0,0,0,0,0,0,0,0,0,315,0,0,0,0,0,0,0,0,0,0,0,0,16,0,0,0,0,0,0,0,0
MEG_5374/Drugs/Aminocoumarins/Aminocoumarin_resistant_DNA_topoisomerases/PARE/RequiresSNPConfirmation,0,0,0,0,0,0,0,0,0,0,0,0,0,0,0,0,0,0,474,0,0,0,0,0,0,0,0,0,0,0,0,0,0,0,0,0,0,0,0,0
MEG_6633/Drugs/Sulfonamides/Sulfonamide_resistant_dihydropteroate_synthases/SULII,67,49,15,12,0,0,13,0,30,0,39,28,0,24,12,0,33,0,18,0,0,0,34,17,39,0,34,34,41,16,0,38,14,0,0,0,0,18,18,0
MEG_7121/Drugs/Tetracyclines/Tetracycline_resistance_ribosomal_protection_proteins/TETM,220,106,290,80,69,215,151,173,127,73,76,156,137,57,83,166,145,130,239,350,0,180,187,64,136,194,205,0,80,97,44,165,143,76,291,75,76,109,235,130
MEG_6621/Drugs/Sulfonamides/Sulfonamide_resistant_dihydropteroate_synthases/SULII,88,74,26,0,24,21,0,63,42,16,51,49,20,25,16,24,56,10,0,61,17,46,57,30,32,16,52,35,35,40,0,55,19,42,24,0,23,27,30,30
MEG_4095/Drugs/Fosfomycin/Fosfomycin_target_mutation/MURA/RequiresSNPConfirmation,0,0,0,0,0,0,0,68,0,0,0,0,0,0,0,0,0,0,0,0,0,0,0,0,0,0,0,0,0,0,0,0,0,0,0,0,0,0,0,0
MEG_1600/Drugs/Phenicol/Chloramphenicol_acetyltransferases/CATB/RequiresSNPConfirmation,0,0,0,0,0,0,0,0,0,0,0,7,0,0,0,0,0,0,0,0,0,0,0,0,0,0,0,0,0,0,0,0,0,0,0,0,0,0,0,0
MEG_7317/Drugs/Elfamycins/EF_Tu_inhibition/TUFAB/RequiresSNPConfirmation,324,0,0,0,0,0,0,0,0,0,416,0,281,0,0,247,0,0,457,0,1036,335,0,0,0,0,0,347,0,0,0,0,0,0,0,0,254,0,234,294
MEG_5815/Metals/Arsenic_resistance/Arsenic_resistance_protein/PSTC,40,0,0,0,0,0,0,42,0,0,0,0,0,0,0,0,0,0,285,0,0,0,0,0,0,0,0,0,0,0,0,0,0,0,0,0,0,0,0,0
MEG_1107/Biocides/Multi_biocide_resistance/Multi_biocide_resistance_regulator/ARIR,2,0,0,0,0,0,0,0,0,0,0,0,0,0,0,0,0,0,0,0,0,0,0,0,0,0,0,0,0,0,0,0,0,0,0,0,0,0,0,0
MEG_7330/Drugs/Fosfomycin/Fosfomycin_target_mutation/UHPT/RequiresSNPConfirmation,0,0,0,0,0,0,0,27,0,0,0,0,0,0,0,0,0,0,285,0,0,0,0,0,0,0,0,0,0,0,0,0,0,0,0,0,0,0,0,0
MEG_7145/Drugs/Tetracyclines/Tetracycline_resistance_ribosomal_protection_proteins/TETM,162,58,186,54,35,119,156,94,82,43,49,88,128,0,48,139,94,99,177,157,38,153,220,0,95,120,97,0,82,55,0,117,87,124,186,35,58,62,197,123
MEG_3/Drugs/Aminoglycosides/Aminoglycoside_resistant_16S_ribosomal_subunit_protein/A16S/RequiresSNPConfirmation,0,1191,2472,0,0,0,0,0,1450,0,0,0,0,0,0,0,1778,0,0,0,1217,2246,1808,0,0,0,0,0,1562,1209,0,1882,0,0,4057,1580,0,0,2804,2392
MEG_1192/Multi_compound/Drug_and_biocide_and_metal_resistance/Drug_and_biocide_and_metal_RND_efflux_regulator/BAER,0,0,0,0,0,0,0,0,0,0,0,0,0,0,0,13,0,0,0,0,0,0,0,0,0,0,0,0,0,0,0,0,0,0,0,0,0,0,0,0
MEG_6805/Drugs/betalactams/Class_A_betalactamases/TEM,0,0,0,0,0,0,0,0,0,0,0,0,0,0,0,0,0,0,0,0,10,0,0,0,0,0,0,0,0,0,0,0,0,0,0,0,0,0,0,0
MEG_6141/Biocides/Multi_biocide_resistance/Multi_biocide_resistance_regulator/RPOS,0,0,0,0,0,0,0,0,0,0,0,0,0,0,0,0,0,0,241,0,0,0,0,0,0,0,0,0,0,0,0,0,0,0,0,0,0,0,0,0
MEG_5/Drugs/Aminoglycosides/Aminoglycoside_resistant_16S_ribosomal_subunit_protein/A16S/RequiresSNPConfirmation,0,0,1990,0,0,0,0,1591,0,0,0,0,0,0,0,0,0,0,1482,1739,0,0,0,0,0,0,0,0,0,0,0,0,0,0,0,0,0,0,0,0
MEG_6625/Drugs/Sulfonamides/Sulfonamide_resistant_dihydropteroate_synthases/SULII,120,49,19,0,14,0,18,46,38,0,55,32,19,18,11,0,33,0,25,37,0,32,45,23,37,0,51,46,66,28,26,33,0,28,17,0,22,27,19,0
MEG_7608/Drugs/Glycopeptides/VanF_type_accessory_protein/VANYF,0,0,0,0,0,0,0,0,0,0,0,0,0,0,0,26,0,0,0,0,54,59,0,0,0,0,0,0,41,0,100,0,0,0,0,0,0,0,0,0
MEG_6093/Drugs/Rifampin/Rifampin_resistant_beta_subunit_of_RNA_polymerase_RpoB/RPOB/RequiresSNPConfirmation,1578,2036,3169,1204,1085,1393,1431,2367,2424,736,1770,1855,1457,879,1295,859,2575,2391,1918,2740,764,1175,2007,1098,1699,1181,2435,1111,1129,1402,815,2948,2429,1196,2079,1251,768,1406,2156,1341
MEG_2443/Metals/Copper_resistance/Copper_resistance_regulator/CUER,0,0,0,0,0,0,0,0,0,0,0,0,0,0,0,9,0,0,0,0,0,0,0,0,0,0,0,0,0,3,0,0,0,0,0,0,0,0,0,0
MEG_1588/Drugs/Phenicol/Chloramphenicol_acetyltransferases/CATA,0,0,0,0,0,0,0,0,0,0,0,0,12,0,0,0,0,0,0,0,0,0,0,0,0,0,0,0,0,0,0,0,0,0,0,0,0,0,0,0
MEG_6722/Drugs/betalactams/Class_A_betalactamases/TEM,0,0,0,0,0,0,0,0,0,0,0,0,0,0,0,0,0,0,0,0,0,0,0,0,0,0,0,0,10,0,0,0,0,0,0,0,0,0,0,0
MEG_7044/Drugs/Tetracyclines/Tetracycline_resistance_MFS_efflux_pumps/TETB,292,266,296,188,135,156,285,409,250,172,249,238,219,176,169,274,226,240,243,337,170,151,280,149,163,195,202,175,218,241,136,336,375,127,211,187,105,149,210,145
MEG_6628/Drugs/Sulfonamides/Sulfonamide_resistant_dihydropteroate_synthases/SULII,114,51,17,11,31,31,0,54,36,18,45,27,17,38,19,29,30,0,0,49,0,21,48,22,54,0,51,39,52,33,26,42,30,0,16,20,16,21,19,22
MEG_4162/Metals/Sodium_resistance/Sodium_resistance_protein/NHAA,0,0,0,0,0,0,0,46,0,0,0,0,0,0,0,0,0,0,0,0,0,0,0,0,0,0,0,0,0,0,0,0,0,0,0,0,0,0,0,0
MEG_2792/Drugs/MLS/23S_rRNA_methyltransferases/ERMB,89,27,106,0,0,0,62,81,0,0,29,66,0,0,0,101,50,0,130,74,0,0,0,61,54,76,56,0,65,0,0,0,0,121,138,0,0,0,152,0
MEG_2803/Drugs/MLS/23S_rRNA_methyltransferases/ERMB,141,21,144,36,30,136,116,96,33,50,34,108,95,56,45,153,63,60,203,92,22,154,123,45,93,99,76,0,78,44,26,74,83,123,212,24,65,64,207,103
MEG_7103/Drugs/Tetracyclines/Tetracycline_resistance_ribosomal_protection_proteins/TETM,0,0,0,0,0,0,0,0,0,0,0,0,0,0,0,0,0,0,0,0,0,106,133,0,0,125,0,0,0,0,0,0,0,0,0,0,0,0,0,92
MEG_1143/Metals/Multi_metal_resistance/Multi_metal_resistance_protein/ARSA,0,0,0,0,0,0,0,45,55,0,0,0,0,0,0,0,0,64,0,0,0,0,0,0,0,0,0,0,0,0,0,0,50,0,0,0,0,0,85,0
MEG_915/Drugs/Aminoglycosides/Aminoglycoside_O_nucleotidyltransferases/ANT3_DPRIME,0,0,0,0,0,0,0,0,0,0,0,23,0,0,0,0,0,0,0,0,0,0,0,0,0,0,0,0,0,0,0,0,0,0,0,0,0,0,0,0
MEG_7128/Drugs/Tetracyclines/Tetracycline_resistance_ribosomal_protection_proteins/TETM,121,0,177,47,0,114,99,75,0,35,0,0,59,39,0,65,0,69,236,107,0,89,110,0,96,91,0,0,44,0,0,88,76,0,227,0,0,58,203,57
MEG_2806/Drugs/MLS/23S_rRNA_methyltransferases/ERMB,118,32,164,42,42,103,120,91,40,28,39,107,89,53,26,129,72,38,176,100,58,162,145,66,82,117,106,22,95,45,26,83,83,107,193,47,59,70,189,122
MEG_7217/Drugs/Tetracyclines/Tetracycline_resistance_ribosomal_protection_proteins/TETW,0,30,34,0,0,42,0,42,34,0,0,20,0,0,0,0,59,0,0,45,0,0,40,0,0,23,28,0,0,0,0,60,32,0,43,0,0,0,0,24
MEG_6146/Drugs/Aminoglycosides/Aminoglycoside_resistant_16S_ribosomal_subunit_protein/RRSC/RequiresSNPConfirmation,4390,3682,4369,2363,1933,2733,3693,4905,3385,2280,3811,2972,3034,2258,2348,3689,3565,3619,4635,5035,3396,3202,3817,2144,3256,2820,3165,2758,3227,3505,1769,4759,5331,2970,4353,2389,2391,2453,4262,3170
MEG_6618/Drugs/Sulfonamides/Sulfonamide_resistant_dihydropteroate_synthases/SULII,46,30,0,0,0,0,0,0,0,16,26,19,12,0,0,0,27,0,11,25,0,21,23,0,0,0,25,0,30,0,0,0,21,21,0,0,0,0,0,24
MEG_7037/Drugs/Tetracyclines/Tetracycline_resistance_MFS_efflux_pumps/TETB,161,141,139,85,93,91,163,180,148,121,154,116,74,101,96,123,119,125,175,157,96,91,135,55,103,90,95,90,129,128,59,151,214,83,100,89,0,74,0,58
MEG_1162/Metals/Multi_metal_resistance/Multi_metal_resistance_protein/ARSCM,0,0,0,0,0,0,0,18,0,0,0,0,0,0,0,0,0,0,0,0,0,0,0,0,0,0,0,0,0,0,0,0,36,0,0,0,0,0,7,0
MEG_7127/Drugs/Tetracyclines/Tetracycline_resistance_ribosomal_protection_proteins/TETM,0,0,0,0,0,46,0,0,0,0,0,0,0,0,0,0,0,0,0,0,0,0,0,0,0,0,0,0,0,0,0,0,0,0,0,0,0,0,0,0
MEG_5829/Multi_compound/Drug_and_biocide_resistance/Drug_and_biocide_SMR_efflux_pumps/QACEDELTA1,0,0,0,0,0,0,0,0,0,0,0,16,0,0,0,0,0,7,0,0,0,0,0,0,0,0,0,0,0,0,0,0,0,0,0,0,0,0,0,0
MEG_6740/Drugs/betalactams/Class_A_betalactamases/TEM,0,0,0,0,0,0,0,0,0,0,0,0,0,0,0,0,0,0,0,0,24,0,0,0,0,0,0,0,0,0,0,0,0,0,0,0,0,0,0,0
MEG_2801/Drugs/MLS/23S_rRNA_methyltransferases/ERMB,209,65,188,31,51,189,159,224,68,43,53,119,75,45,0,261,90,83,165,318,31,174,225,96,84,141,157,0,88,58,0,110,109,98,209,61,67,88,196,129
MEG_3253/Biocides/Acid_resistance/Acid_resistance_protein/HDEA,0,0,0,0,0,0,0,0,0,0,0,0,0,3,0,8,0,0,0,0,0,0,0,0,0,0,0,0,0,0,0,0,0,0,0,0,0,0,0,0
MEG_6542/Biocides/Peroxide_resistance/peroxide_resistance_protein/SODA,0,0,0,0,0,0,0,0,0,0,0,0,0,0,0,0,0,0,66,0,0,0,0,0,0,0,0,0,0,0,0,0,0,0,0,0,0,0,0,0
MEG_2092/Metals/Multi_metal_resistance/Multi_metal_resistance_protein/CORD,0,0,0,0,0,0,0,6,0,0,0,0,0,0,0,0,0,0,0,0,0,0,0,0,0,0,0,0,0,0,0,0,0,0,0,0,0,0,0,0
MEG_1057/Drugs/Aminoglycosides/Aminoglycoside_O_phosphotransferases/APH3_DPRIME,0,0,16,0,0,0,0,16,0,19,0,0,30,0,0,0,0,18,29,20,30,22,11,0,0,0,9,0,0,0,0,11,0,0,74,0,0,0,0,0
MEG_7319/Drugs/Elfamycins/EF_Tu_inhibition/TUFAB/RequiresSNPConfirmation,268,0,0,0,0,0,0,0,0,0,226,0,282,0,0,460,0,0,271,0,0,307,0,166,295,0,0,186,0,0,0,0,402,218,613,197,0,167,427,340
MEG_7051/Drugs/Tetracyclines/Tetracycline_resistance_MFS_efflux_pumps/TETB,273,228,246,147,0,0,268,333,0,0,227,148,0,155,0,0,271,160,233,283,191,148,0,149,0,0,178,160,158,222,96,0,344,0,0,0,0,0,172,0
MEG_1151/Metals/Multi_metal_resistance/Multi_metal_resistance_protein/ARSBM,0,0,0,0,0,0,0,47,0,0,0,0,0,0,0,0,0,32,0,0,0,0,0,0,0,0,0,0,0,0,0,0,34,0,0,0,0,0,59,0
MEG_2875/Biocides/Phenolic_compound_resistance/Phenolic_resistance_protein/FABI,0,0,0,0,0,0,0,0,0,0,0,0,0,0,0,0,0,0,143,0,0,0,0,0,0,0,0,0,0,6,0,0,0,0,0,0,0,0,0,0
MEG_6108/Drugs/Rifampin/Rifampin_resistant_beta_subunit_of_RNA_polymerase_RpoB/RPOB/RequiresSNPConfirmation,0,0,0,0,0,0,0,0,0,0,0,0,0,0,0,0,0,0,493,0,0,0,0,0,0,0,0,0,0,0,0,0,0,0,0,0,0,0,0,0
MEG_6939/Drugs/betalactams/Class_A_betalactamases/TEM,0,0,0,0,0,0,0,0,0,0,0,0,0,0,0,0,0,0,0,10,0,0,0,0,0,0,0,0,0,0,0,0,0,0,0,0,0,0,0,0
MEG_1566/Drugs/Phenicol/Chloramphenicol_acetyltransferases/CATA,0,0,0,0,0,0,0,0,0,0,0,0,0,0,0,0,0,0,70,0,0,0,0,0,0,0,0,0,0,0,0,0,0,0,0,0,0,0,29,0
MEG_1001/Drugs/Aminoglycosides/Aminoglycoside_O_nucleotidyltransferases/ANT6,0,0,0,0,0,28,0,25,0,0,0,0,26,0,0,0,0,0,0,0,0,0,0,33,0,0,25,0,0,0,0,0,0,0,0,0,0,0,0,0
MEG_7488/Drugs/Glycopeptides/VanA_type_regulator/VANSA,0,0,0,0,0,0,0,0,0,0,0,0,0,0,0,28,0,0,0,0,0,81,0,0,0,0,0,0,0,0,0,0,109,0,0,0,0,0,0,28
MEG_7301/Drugs/Elfamycins/EF_Tu_inhibition/TUFAB/RequiresSNPConfirmation,203,0,0,118,0,0,0,252,0,0,276,0,0,0,0,149,0,0,344,0,924,208,0,0,0,0,219,266,0,0,92,0,0,0,0,0,144,0,0,152
MEG_1630/Drugs/Phenicol/Chloramphenicol_acetyltransferases/CATB/RequiresSNPConfirmation,0,0,0,0,0,0,0,0,0,0,0,12,0,0,0,0,0,0,0,0,0,0,0,0,7,0,0,0,0,0,0,0,0,0,0,0,0,0,0,0
MEG_2799/Drugs/MLS/23S_rRNA_methyltransferases/ERMB,180,56,205,62,44,144,180,135,65,47,60,128,0,0,36,176,93,93,252,165,73,230,231,82,155,151,135,0,90,56,21,112,82,121,315,75,73,86,335,117
MEG_7045/Drugs/Tetracyclines/Tetracycline_resistance_MFS_efflux_pumps/TETB,403,330,421,192,159,217,341,439,357,248,341,245,239,194,196,308,295,268,364,419,255,216,395,146,209,204,274,166,286,314,131,455,473,189,253,188,115,181,273,178
MEG_6630/Drugs/Sulfonamides/Sulfonamide_resistant_dihydropteroate_synthases/SULII,0,44,0,0,0,0,0,0,0,0,0,0,0,0,0,0,0,0,0,44,0,0,0,0,0,0,0,0,0,0,0,0,0,0,0,0,0,0,0,0
MEG_414/Multi_compound/Drug_and_biocide_resistance/Drug_and_biocide_RND_efflux_regulator/ACRR/RequiresSNPConfirmation,42,0,0,0,0,0,0,0,0,0,0,0,0,0,0,0,0,0,0,0,0,0,0,0,0,0,0,0,0,0,0,0,0,0,0,0,0,0,0,0
MEG_3448/Drugs/Aminoglycosides/Aminoglycoside_efflux_pumps/KDPE,0,0,0,0,0,0,0,10,0,0,0,0,0,0,0,14,0,0,0,0,0,0,0,0,0,0,0,0,0,0,0,0,0,0,0,0,0,0,0,0
MEG_7216/Drugs/Tetracyclines/Tetracycline_resistance_ribosomal_protection_proteins/TETW,50,37,36,0,0,0,0,52,0,0,0,0,0,0,0,0,71,0,0,0,0,0,0,0,28,0,29,0,0,0,0,32,0,0,0,0,0,0,0,18
MEG_1087/Drugs/Aminoglycosides/Aminoglycoside_O_phosphotransferases/APH6,0,0,0,0,0,0,0,19,0,0,0,0,0,0,0,0,0,0,0,0,0,0,0,0,0,0,0,0,0,0,0,0,0,0,91,0,0,0,0,0
MEG_1046/Drugs/Aminoglycosides/Aminoglycoside_O_phosphotransferases/APH3_DPRIME,0,0,0,0,0,0,0,0,17,0,0,0,0,0,0,0,0,0,0,0,24,0,0,0,0,0,0,0,0,0,10,0,0,0,90,0,0,0,0,0
MEG_7066/Drugs/Tetracyclines/Tetracycline_resistance_MFS_efflux_pumps/TETC,0,28,0,0,0,0,0,0,0,0,0,0,0,0,0,0,24,0,36,0,60,0,0,0,0,14,0,0,0,0,24,16,0,0,22,0,0,33,0,0
MEG_7135/Drugs/Tetracyclines/Tetracycline_resistance_ribosomal_protection_proteins/TETM,0,0,0,0,0,78,69,0,55,0,0,0,0,0,0,0,66,74,0,104,0,88,0,0,0,73,69,0,48,0,0,0,44,0,0,0,0,0,0,0
MEG_7557/Drugs/Glycopeptides/VanA_type_resistance_protein/VANXA,0,0,0,0,0,0,0,0,0,0,0,0,0,0,0,0,0,0,0,0,0,10,0,0,0,0,0,0,0,0,0,0,24,0,0,0,0,0,0,0
MEG_3287/Biocides/Peroxide_resistance/Peroxide_resistance_stress_protein/IBPA,11,0,0,0,0,0,0,0,0,0,0,0,0,6,0,12,0,0,0,0,0,0,0,0,0,0,0,0,0,0,0,0,0,0,0,0,0,0,0,0
MEG_7146/Drugs/Tetracyclines/Tetracycline_resistance_ribosomal_protection_proteins/TETM,0,0,0,0,0,0,0,89,0,0,0,0,0,0,0,0,0,0,0,0,0,0,0,0,0,0,0,0,0,0,0,0,0,0,111,0,0,0,0,0
MEG_2807/Drugs/MLS/23S_rRNA_methyltransferases/ERMB,0,0,36,0,0,0,17,0,0,0,0,29,0,0,0,0,0,0,0,25,0,0,33,0,0,0,23,0,15,0,0,19,0,0,0,0,0,0,0,22
MEG_6627/Drugs/Sulfonamides/Sulfonamide_resistant_dihydropteroate_synthases/SULII,90,78,15,23,36,12,10,64,49,19,63,46,16,18,26,20,48,6,33,35,0,38,60,18,54,11,48,35,67,24,18,65,0,35,24,0,10,26,13,28
MEG_7245/Drugs/Tetracyclines/Tetracycline_resistance_MFS_efflux_pumps/TETY,57,0,182,48,0,0,0,48,34,66,0,0,132,0,38,45,0,0,0,0,0,0,0,50,0,0,245,263,56,0,0,0,0,0,686,0,0,0,51,0
MEG_2797/Drugs/MLS/23S_rRNA_methyltransferases/ERMB,0,0,0,0,0,49,22,62,0,0,0,0,26,0,15,0,0,29,0,62,0,40,0,0,0,33,48,0,0,0,0,0,0,0,0,0,0,0,0,0
MEG_1086/Drugs/Aminoglycosides/Aminoglycoside_O_phosphotransferases/APH6,19,0,31,19,0,0,36,25,28,27,0,0,52,0,0,16,0,0,27,10,38,32,30,17,0,0,44,13,13,0,20,0,10,18,215,0,0,0,23,13
MEG_7057/Drugs/Tetracyclines/Tetracycline_resistance_MFS_efflux_pumps/TETC,0,0,0,0,0,0,0,0,35,0,96,0,34,0,0,0,0,0,77,0,94,0,0,0,0,0,0,41,0,0,23,0,21,0,0,0,103,0,0,36
MEG_5830/Multi_compound/Drug_and_biocide_resistance/Drug_and_biocide_SMR_efflux_pumps/QACEDELTA1,0,0,0,0,0,0,0,0,0,0,0,0,0,0,0,0,0,6,0,0,0,0,0,0,0,0,0,0,0,0,0,0,0,0,0,0,0,0,0,0
MEG_7402/Drugs/Glycopeptides/VanA_type_resistance_protein/VANHA,0,0,0,0,0,0,0,0,0,0,0,0,0,0,0,0,0,0,0,0,0,32,0,0,0,0,0,0,0,0,0,0,48,0,0,0,0,0,0,0
MEG_7199/Drugs/Tetracyclines/Tetracycline_resistance_ribosomal_protection_proteins/TETS,0,0,0,0,0,0,0,0,0,0,0,0,0,0,0,0,0,0,0,0,0,0,0,0,0,0,0,0,0,0,0,0,50,0,0,0,0,0,0,0
MEG_1620/Drugs/Phenicol/Chloramphenicol_acetyltransferases/CATB/RequiresSNPConfirmation,0,0,0,0,0,0,0,0,0,0,0,14,0,0,0,0,0,0,0,0,0,0,0,0,7,0,0,0,0,0,0,0,0,0,0,0,0,0,0,0
MEG_7043/Drugs/Tetracyclines/Tetracycline_resistance_MFS_efflux_pumps/TETB,277,289,298,134,137,132,279,377,268,200,190,181,172,172,145,247,261,249,266,270,221,164,283,124,193,164,203,158,221,258,124,277,429,136,237,155,95,148,273,105
MEG_7833/Multi_compound/Biocide_and_metal_resistance/Biocide_and_metal_resistance_protein/YHCN,4,0,0,0,0,0,0,0,0,0,0,0,0,0,0,0,0,0,0,0,0,0,0,0,0,0,0,0,0,0,0,0,0,0,0,0,0,0,0,0
MEG_7058/Drugs/Tetracyclines/Tetracycline_resistance_MFS_efflux_pumps/TETC,0,40,0,0,0,0,0,0,33,0,32,0,0,0,0,27,46,0,28,0,71,0,0,0,0,0,0,37,0,0,0,0,0,0,0,0,0,27,42,28
MEG_5813/Metals/Arsenic_resistance/Arsenic_resistance_protein/PSTA,0,0,0,0,0,0,0,0,0,0,0,0,0,10,0,17,0,0,307,0,0,0,0,0,0,0,0,0,0,0,0,0,0,0,0,0,0,0,0,0
MEG_7147/Drugs/Tetracyclines/Tetracycline_resistance_ribosomal_protection_proteins/TETM,0,0,0,0,0,0,0,0,0,0,0,0,0,0,0,0,0,0,0,0,0,30,0,0,0,0,0,0,0,0,0,0,0,0,0,0,0,0,0,0
MEG_2998/Drugs/Fosfomycin/Fosfomycin_thiol_transferases/FOSA,0,0,0,0,0,0,0,0,0,0,0,0,0,0,0,0,0,0,0,0,0,0,0,0,0,0,0,0,0,0,0,0,0,0,0,0,0,0,9,0
MEG_740/Drugs/Aminoglycosides/Aminoglycoside_O_nucleotidyltransferases/ANT2_DPRIME,0,0,0,0,0,0,0,0,0,0,0,7,0,0,0,0,0,0,0,0,0,0,0,0,0,0,0,0,0,0,0,0,0,0,0,0,0,0,0,0
MEG_6638/Drugs/Sulfonamides/Sulfonamide_resistant_dihydropteroate_synthases/SULII,115,73,0,0,30,20,0,48,30,19,46,14,18,0,18,0,31,0,27,31,20,25,46,33,50,0,46,44,46,0,0,36,20,24,22,12,28,35,22,22
MEG_1042/Drugs/Aminoglycosides/Aminoglycoside_O_phosphotransferases/APH3_DPRIME,0,0,0,0,0,0,0,0,0,0,0,102,0,0,0,0,0,0,0,0,0,0,0,0,0,0,0,0,0,0,0,0,0,0,0,0,0,0,0,0
MEG_7111/Drugs/Tetracyclines/Tetracycline_resistance_ribosomal_protection_proteins/TETM,167,57,193,0,0,167,0,138,0,0,0,0,0,0,0,0,112,68,227,0,0,0,267,118,0,92,0,0,0,0,0,93,0,0,346,0,0,0,0,0
MEG_7059/Drugs/Tetracyclines/Tetracycline_resistance_MFS_efflux_pumps/TETC,0,57,0,0,0,0,0,0,39,0,43,0,0,0,0,25,30,36,70,0,85,0,0,0,0,0,31,50,0,0,50,36,17,0,49,0,67,26,25,0
MEG_7210/Drugs/Tetracyclines/Tetracycline_resistance_ribosomal_protection_proteins/TETW,0,33,0,0,0,0,0,0,0,0,0,0,0,0,0,0,0,0,0,32,0,0,0,0,0,0,0,0,0,0,0,35,0,0,0,0,0,0,0,0
MEG_6106/Drugs/Rifampin/Rifampin_resistant_beta_subunit_of_RNA_polymerase_RpoB/RPOB/RequiresSNPConfirmation,0,0,0,0,0,0,0,0,0,0,0,0,0,0,0,0,0,0,0,0,0,0,0,0,0,0,0,0,0,0,0,0,0,0,3703,0,0,0,1822,0
MEG_7052/Drugs/Tetracyclines/Tetracycline_resistance_MFS_efflux_pumps/TETB,471,408,414,220,201,229,447,552,413,264,379,308,300,257,189,359,296,406,387,458,347,375,405,163,268,297,350,219,388,436,191,544,642,239,252,358,139,231,338,237
MEG_989/Drugs/Aminoglycosides/Aminoglycoside_O_nucleotidyltransferases/ANT6,0,0,0,0,35,36,0,50,0,0,48,21,44,0,0,0,0,0,47,21,21,0,0,50,0,0,33,0,32,16,0,0,0,18,0,0,0,0,0,28
MEG_4223/Drugs/Oxazolidinone/Oxazolidinone_resistant_23S_rRNA_mutation/O23S/RequiresSNPConfirmation,15197,8152,17124,6674,6177,14329,12591,15476,9695,4770,12300,10941,13488,5754,6874,19878,12699,10371,15541,15749,9275,17022,14187,9946,16401,12093,13148,12816,12094,7563,7124,14956,24700,12510,28248,9893,8586,11896,21657,18173
MEG_7064/Drugs/Tetracyclines/Tetracycline_resistance_MFS_efflux_pumps/TETC,0,0,0,0,0,0,4,0,0,0,14,0,0,0,0,0,8,0,0,0,16,0,0,0,0,0,0,0,0,0,0,0,0,0,0,0,14,0,0,0
MEG_7098/Drugs/Tetracyclines/Tetracycline_resistance_MFS_efflux_pumps/TETL,0,0,99,0,90,0,0,0,0,0,0,0,0,0,0,0,0,0,0,0,0,0,0,0,0,0,41,0,0,0,0,0,0,0,0,0,0,0,0,99
MEG_4033/Drugs/MLS/Macrolide_phosphotransferases/MPHB,0,0,0,0,0,0,0,58,0,0,0,0,0,0,0,0,0,0,0,0,0,0,0,0,0,0,0,0,0,0,0,0,0,0,0,0,0,0,0,0
MEG_1096/Drugs/Aminoglycosides/Aminoglycoside_O_phosphotransferases/APH6,0,0,26,12,0,0,18,19,20,0,0,0,28,0,0,0,0,0,20,0,25,22,16,0,0,0,26,0,0,0,18,0,0,0,166,0,0,0,26,0
MEG_7211/Drugs/Tetracyclines/Tetracycline_resistance_ribosomal_protection_proteins/TETW,0,0,0,0,0,0,35,32,0,0,0,0,0,0,0,0,46,0,0,35,0,0,0,0,0,0,0,0,0,0,0,0,0,0,0,0,0,0,0,0
MEG_7841/Multi_compound/Biocide_and_metal_resistance/Biocide_and_metal_resistance_protein/YODB,4,0,0,0,0,0,0,0,0,0,0,0,0,0,0,2,0,0,0,0,0,0,0,0,0,0,0,0,0,0,0,0,0,0,0,0,0,0,0,0
MEG_7083/Drugs/Tetracyclines/Tetracycline_resistance_MFS_efflux_pumps/TETH,89,140,68,39,28,0,20,83,51,31,134,49,35,44,0,51,89,0,53,155,28,21,44,0,53,0,145,41,74,0,28,70,38,56,63,18,0,74,0,0
MEG_7056/Drugs/Tetracyclines/Tetracycline_resistance_MFS_efflux_pumps/TETC,0,0,0,0,0,0,0,0,0,0,42,0,0,0,0,0,0,0,0,0,0,0,0,0,0,0,0,0,0,0,0,27,0,0,0,0,0,0,0,0
MEG_7125/Drugs/Tetracyclines/Tetracycline_resistance_ribosomal_protection_proteins/TETM,96,44,81,53,0,91,0,81,54,0,0,37,90,0,0,66,0,0,106,61,30,86,100,60,0,85,0,0,0,0,0,88,0,85,103,0,30,0,112,0
MEG_2451/Metals/Multi_metal_resistance/Multi_metal_RND_efflux_pumps/CUSF,0,0,0,0,0,0,0,0,0,0,0,0,0,0,0,0,0,0,0,0,0,0,0,0,0,0,0,0,0,0,0,4,0,0,0,0,0,0,0,0
MEG_7196/Drugs/Tetracyclines/Tetracycline_resistance_MFS_efflux_regulator/TETRM/RequiresSNPConfirmation,2372,1916,2113,1258,1008,1019,2127,2622,1822,1280,1843,1398,1356,1274,1170,1748,1544,1734,1995,2141,1453,1134,1968,975,1269,1131,1347,957,1586,1781,934,2254,2746,939,1327,1313,644,947,1372,933
MEG_1054/Drugs/Aminoglycosides/Aminoglycoside_O_phosphotransferases/APH3_DPRIME,0,0,0,10,0,0,22,0,0,0,0,0,27,0,0,0,0,0,0,0,29,0,0,16,0,0,19,0,0,0,0,0,0,0,88,0,0,0,0,0
MEG_7116/Drugs/Tetracyclines/Tetracycline_resistance_ribosomal_protection_proteins/TETM,114,49,156,0,39,93,100,71,0,0,0,64,75,0,0,74,77,78,121,122,0,103,114,34,89,92,85,0,0,0,0,82,71,60,154,0,0,0,134,92
MEG_7596/Drugs/Glycopeptides/VanA_type_accessory_protein/VANYA,0,0,0,0,0,0,0,0,0,0,0,0,0,0,0,13,0,0,0,0,0,38,0,0,0,0,0,0,0,0,0,0,45,0,0,0,0,0,0,0
MEG_7086/Drugs/Tetracyclines/Tetracycline_resistance_MFS_efflux_pumps/TETH,89,117,91,43,24,0,34,86,58,48,135,63,42,0,0,38,52,0,35,149,0,0,68,26,39,0,138,42,114,32,50,64,0,57,65,0,0,63,20,0
MEG_2132/Multi_compound/Drug_and_biocide_resistance/Drug_and_biocide_RND_efflux_regulator/CRP,312,273,0,0,0,0,0,0,0,0,0,0,0,0,0,172,0,0,314,134,0,0,0,0,0,0,0,0,0,0,0,0,0,0,0,0,0,0,0,0
MEG_6622/Drugs/Sulfonamides/Sulfonamide_resistant_dihydropteroate_synthases/SULII,73,68,21,10,34,19,13,50,26,17,56,41,20,35,19,34,52,0,0,49,26,38,47,30,54,0,53,32,61,0,22,45,33,0,14,0,11,18,0,0
MEG_2952/Drugs/Sulfonamides/Sulfonamide_resistant_dihydropteroate_synthases/FOLP/RequiresSNPConfirmation,24,0,0,0,0,0,0,0,0,0,0,0,0,0,0,0,0,0,0,0,0,0,0,0,0,0,0,0,0,0,0,0,0,0,0,0,0,0,0,0
MEG_2796/Drugs/MLS/23S_rRNA_methyltransferases/ERMB,51,20,36,0,0,33,64,74,0,18,0,61,16,0,0,71,36,17,38,83,0,0,44,0,25,0,64,0,37,0,0,42,36,31,40,20,0,0,37,0
MEG_2121/Multi_compound/Drug_and_biocide_resistance/Drug_and_biocide_RND_efflux_regulator/CPXAR,0,0,0,0,0,0,0,0,0,0,0,0,0,0,0,31,0,0,0,0,0,0,0,0,0,0,0,0,0,0,0,0,0,0,0,0,0,0,0,0
MEG_2502/Drugs/Trimethoprim/Dihydrofolate_reductase/DFRA,0,0,0,0,0,0,0,0,0,0,0,8,0,0,0,0,0,0,0,0,0,0,0,0,0,0,0,0,0,0,0,0,0,0,0,0,0,0,0,0
MEG_6086/Drugs/Rifampin/Rifampin_phosphotransferase/RPH,0,0,0,0,0,0,0,0,0,0,0,0,0,0,0,0,0,0,0,0,0,169,0,0,0,0,0,0,0,0,0,0,231,0,0,0,0,0,0,0
MEG_3757/Multi_compound/Drug_and_biocide_resistance/Drug_and_biocide_SMR_efflux_pumps/MDTJ,0,0,0,0,0,0,0,0,0,0,0,0,0,0,0,0,0,0,0,0,0,0,0,0,0,6,0,0,0,2,0,0,0,0,0,0,0,0,0,0
MEG_6949/Drugs/betalactams/Class_A_betalactamases/TEM,0,0,0,0,0,0,0,0,0,0,0,0,0,0,0,0,0,0,0,0,0,0,0,0,0,0,0,0,0,0,0,0,0,0,0,18,0,0,0,0
MEG_6637/Drugs/Sulfonamides/Sulfonamide_resistant_dihydropteroate_synthases/SULII,87,69,18,0,24,0,0,68,39,18,56,28,18,11,0,0,36,0,0,0,0,25,33,0,27,0,40,24,66,26,0,0,0,13,17,0,26,16,17,0
MEG_7321/Drugs/Elfamycins/EF_Tu_inhibition/TUFAB/RequiresSNPConfirmation,275,0,0,0,0,0,0,0,0,0,0,0,326,0,0,355,0,0,0,0,145,319,0,0,0,0,0,173,265,0,0,0,0,227,0,0,0,0,0,344
MEG_4772/Drugs/betalactams/Class_D_betalactamases/OXA,0,0,0,0,0,0,0,0,0,0,0,16,0,0,0,0,0,0,0,0,0,0,0,0,0,0,0,0,0,0,0,0,0,0,0,0,0,0,0,0
MEG_1053/Drugs/Aminoglycosides/Aminoglycoside_O_phosphotransferases/APH3_DPRIME,0,0,24,0,0,0,18,0,19,0,0,0,43,0,0,18,15,28,24,13,39,0,0,0,0,0,21,0,10,0,12,0,7,9,99,0,0,0,18,0
MEG_2848/Drugs/MLS/23S_rRNA_methyltransferases/ERMT,268,507,374,101,78,276,196,257,305,61,189,128,185,96,101,128,270,407,186,652,99,223,334,57,193,247,202,56,169,219,75,392,336,99,209,112,79,136,153,196
MEG_2846/Drugs/MLS/23S_rRNA_methyltransferases/ERMT,432,293,473,0,0,408,304,447,0,0,312,0,255,0,0,234,346,284,296,735,136,271,467,0,316,348,239,0,235,305,119,530,445,141,312,185,0,0,259,0
MEG_1058/Drugs/Aminoglycosides/Aminoglycoside_O_phosphotransferases/APH3_DPRIME,0,0,5,0,0,0,13,0,0,0,0,0,0,0,0,7,0,0,14,0,14,0,6,0,0,0,11,0,0,0,0,0,8,0,63,0,0,0,10,0
MEG_5819/Drugs/Fosfomycin/Fosfomycin_target_mutation/PTSL/RequiresSNPConfirmation,0,0,0,217,0,0,0,0,0,0,0,0,0,0,0,304,0,0,741,0,0,0,0,0,0,0,0,357,0,0,0,0,0,0,0,0,0,0,0,0
MEG_7200/Drugs/Tetracyclines/Tetracycline_resistance_ribosomal_protection_proteins/TETS,0,0,0,0,0,0,0,0,0,0,0,0,0,0,0,0,0,0,0,0,0,0,0,0,0,0,0,0,0,0,0,0,36,0,0,0,0,0,0,0
MEG_1095/Drugs/Aminoglycosides/Aminoglycoside_O_phosphotransferases/APH6,0,0,17,0,0,0,24,0,0,9,0,0,28,0,7,14,0,0,35,0,23,19,0,0,0,0,23,0,0,0,0,0,0,0,135,0,0,0,0,0
MEG_1097/Drugs/Aminoglycosides/Aminoglycoside_O_phosphotransferases/APH6,0,0,24,0,0,0,0,0,22,0,0,0,0,0,0,0,0,0,0,0,0,0,0,0,0,0,22,0,0,0,0,0,0,0,145,0,0,0,24,0
MEG_2090/Metals/Multi_metal_resistance/Multi_metal_resistance_protein/CORC,0,0,0,0,0,0,0,0,0,0,0,0,0,0,0,0,0,0,83,0,0,0,0,0,0,0,0,0,0,0,0,0,0,0,0,0,0,0,0,0
MEG_2791/Drugs/MLS/23S_rRNA_methyltransferases/ERMB,58,0,94,38,26,66,68,54,35,18,0,43,38,32,22,69,0,48,92,54,0,52,68,0,44,49,0,0,0,28,0,33,53,38,96,25,0,40,93,37
MEG_7813/Multi_compound/Biocide_and_metal_resistance/Biocide_and_metal_resistance_protein/YCHH,0,0,0,0,0,0,0,0,0,0,0,0,0,0,0,0,0,0,0,0,0,0,0,0,0,0,0,0,0,2,0,0,0,0,0,0,0,0,0,0
MEG_7025/Drugs/Tetracyclines/Tetracycline_resistance_MFS_efflux_pumps/TETA,90,0,0,0,0,0,0,0,0,0,0,0,0,0,0,0,0,0,0,0,0,0,0,0,0,0,0,30,0,0,0,0,0,0,0,0,0,0,0,46
MEG_2786/Drugs/MLS/23S_rRNA_methyltransferases/ERMA,0,0,0,0,0,0,0,0,0,0,0,0,0,0,0,0,7,0,0,0,0,0,0,0,0,0,0,0,0,0,0,20,0,0,0,0,0,0,0,0
MEG_7198/Drugs/Tetracyclines/Tetracycline_resistance_ribosomal_protection_proteins/TETS,0,0,0,0,0,0,0,0,0,0,0,0,0,0,0,0,0,0,0,0,0,39,0,0,0,0,0,0,0,0,0,0,0,0,0,0,0,0,0,0
MEG_4103/Multi_compound/Drug_and_biocide_resistance/Drug_and_biocide_SMR_efflux_pumps/MVRC,0,0,0,0,0,0,0,0,0,0,0,0,0,0,0,0,0,0,0,0,0,0,0,0,0,6,0,0,0,0,0,0,0,0,0,0,0,0,0,0
MEG_995/Drugs/Aminoglycosides/Aminoglycoside_O_nucleotidyltransferases/ANT6,27,0,0,0,40,23,0,88,0,0,0,0,51,0,0,0,0,0,32,0,0,0,0,44,0,10,32,0,0,23,0,0,0,0,0,0,0,0,0,0
MEG_955/Drugs/Aminoglycosides/Aminoglycoside_O_nucleotidyltransferases/ANT3_DPRIME,0,0,0,0,0,0,0,0,0,0,0,0,0,0,0,0,0,21,0,13,0,0,0,0,0,0,0,0,0,0,0,0,0,0,0,0,0,0,0,0
MEG_6145/Drugs/Aminoglycosides/Aminoglycoside_resistant_16S_ribosomal_subunit_protein/RRSA/RequiresSNPConfirmation,1896,1408,2459,1122,0,1700,1555,2124,1663,708,1868,1545,1953,831,1039,2221,1823,1615,1898,2250,1150,1973,1942,1215,2188,1617,1903,1784,1543,1244,910,2022,3260,1603,3792,1514,1212,1756,2831,2116
MEG_7041/Drugs/Tetracyclines/Tetracycline_resistance_MFS_efflux_pumps/TETB,326,337,305,152,158,193,391,395,310,205,258,226,190,177,193,296,299,297,321,388,229,234,326,146,193,187,232,167,260,318,127,355,491,162,244,217,109,163,239,172
MEG_6540/Biocides/Peroxide_resistance/peroxide_resistance_protein/SODA,0,0,0,0,0,0,0,0,0,0,0,0,0,0,0,0,0,0,118,0,0,0,0,0,0,0,0,0,0,0,0,19,0,0,0,0,0,0,0,0
MEG_6964/Drugs/Tetracyclines/Tetracycline_resistant_16S_ribosomal_subunit_protein/TET16S/RequiresSNPConfirmation,0,4429,0,3668,0,0,0,0,0,0,0,0,0,0,0,0,0,5723,0,0,0,0,0,4199,0,0,0,0,0,0,0,0,0,0,0,0,3583,0,0,0
MEG_7126/Drugs/Tetracyclines/Tetracycline_resistance_ribosomal_protection_proteins/TETM,124,61,164,45,37,119,124,87,43,0,0,53,102,0,0,82,105,72,138,159,0,130,91,45,70,117,90,0,46,36,0,94,0,55,132,37,42,57,106,75
MEG_7309/Drugs/Elfamycins/EF_Tu_inhibition/TUFAB/RequiresSNPConfirmation,391,382,0,200,0,0,0,469,0,0,279,0,0,250,0,259,0,0,711,349,374,294,0,0,0,0,170,265,0,0,0,0,0,0,0,0,0,0,0,191
MEG_7065/Drugs/Tetracyclines/Tetracycline_resistance_MFS_efflux_pumps/TETC,0,27,0,0,0,0,0,12,48,16,77,0,24,0,0,38,25,26,45,0,69,0,0,0,0,0,0,70,0,0,28,0,27,0,26,0,94,30,0,27
MEG_3992/Drugs/MLS/Macrolide_resistant_23S_rRNA_mutation/MLS23S/RequiresSNPConfirmation,31424,16387,37536,13372,12705,31602,26715,30970,18207,9779,21932,22921,26143,10248,13518,35132,25719,20525,30794,36231,15785,32100,30044,17772,30577,23198,26669,21459,22505,14689,10748,28475,39605,22838,51612,16128,15745,22873,40263,32241
MEG_1085/Drugs/Aminoglycosides/Aminoglycoside_O_phosphotransferases/APH6,10,0,0,17,0,0,32,0,0,14,0,0,0,0,0,0,0,10,33,0,19,0,11,0,0,0,18,0,0,0,20,0,0,12,155,0,0,0,0,0
MEG_7148/Drugs/Tetracyclines/Tetracycline_resistance_ribosomal_protection_proteins/TETM,0,0,0,0,0,0,62,0,0,0,0,0,0,0,0,0,0,0,0,0,0,0,0,0,0,0,0,0,0,0,0,0,0,0,0,0,0,0,0,0
MEG_7853/Metals/Multi_metal_resistance/Multi_metal_resistance_protein/ZNTA,0,0,0,0,0,0,0,0,0,0,0,0,0,0,0,40,0,0,0,0,0,0,0,0,0,0,0,0,0,0,0,0,0,0,0,0,0,0,0,0
MEG_7038/Drugs/Tetracyclines/Tetracycline_resistance_MFS_efflux_pumps/TETB,277,181,236,97,108,113,219,298,169,139,168,182,165,140,134,217,180,195,264,263,123,111,208,108,123,158,149,135,163,180,69,283,289,100,129,104,69,87,140,108
MEG_5814/Metals/Arsenic_resistance/Arsenic_resistance_protein/PSTB,0,18,0,0,0,0,0,0,0,0,0,0,0,0,0,18,0,0,215,0,0,0,0,0,0,0,0,0,0,0,0,30,0,0,0,0,0,0,0,0
MEG_6626/Drugs/Sulfonamides/Sulfonamide_resistant_dihydropteroate_synthases/SULII,82,62,0,14,11,0,0,52,26,0,57,28,14,0,19,34,35,16,0,46,21,39,37,28,43,9,48,0,57,0,0,30,37,29,27,0,16,34,25,20
MEG_7224/Drugs/Tetracyclines/Tetracycline_resistance_ribosomal_protection_proteins/TETW,0,0,0,0,0,0,0,0,0,0,0,0,0,0,0,0,39,0,0,0,0,0,0,0,0,0,0,0,0,0,0,0,0,0,0,0,0,0,0,0
MEG_7310/Drugs/Elfamycins/EF_Tu_inhibition/TUFAB/RequiresSNPConfirmation,3869,3459,3481,1838,1592,1720,3250,4448,2851,2200,2733,2328,2134,1994,1960,2624,2804,3057,2868,5351,2404,2545,3088,1586,2298,2774,2349,1320,2434,3178,1388,3741,4582,2406,2187,1804,1664,1661,2506,1720
MEG_2734/Multi_compound/Drug_and_biocide_resistance/Drug_and_biocide_MFS_efflux_regulator/EMRR,0,0,0,0,0,0,0,0,0,0,0,0,0,0,0,11,0,0,0,0,0,0,0,0,0,0,0,0,0,0,0,0,0,0,0,0,0,0,0,0
MEG_3201/Drugs/Fluoroquinolones/Fluoroquinolone_resistant_DNA_topoisomerases/GYRA/RequiresSNPConfirmation,0,0,0,0,0,0,0,0,0,0,0,0,0,0,0,0,0,0,386,0,0,0,0,0,0,0,0,0,0,0,0,0,0,0,0,0,0,0,0,0
MEG_6632/Drugs/Sulfonamides/Sulfonamide_resistant_dihydropteroate_synthases/SULII,90,74,24,0,35,22,0,59,27,16,46,31,23,30,22,36,45,0,24,37,0,41,36,19,59,0,37,24,66,26,18,58,20,31,23,17,0,36,21,0
MEG_7060/Drugs/Tetracyclines/Tetracycline_resistance_MFS_efflux_pumps/TETC,0,0,44,0,0,0,0,0,10,0,0,0,0,0,0,0,0,48,0,43,0,21,0,0,0,0,0,0,0,0,0,0,0,0,0,0,0,0,0,0
MEG_7115/Drugs/Tetracyclines/Tetracycline_resistance_ribosomal_protection_proteins/TETM,163,56,240,52,66,129,196,108,92,46,61,142,123,42,50,108,119,128,192,233,75,195,162,56,131,134,121,60,67,55,25,153,102,75,207,46,64,92,188,114
MEG_2794/Drugs/MLS/23S_rRNA_methyltransferases/ERMB,57,16,49,19,24,45,47,60,28,24,0,42,21,0,17,77,32,28,25,77,23,44,43,28,21,30,53,24,37,0,16,20,54,33,61,27,0,21,38,38
MEG_7194/Drugs/Tetracyclines/Tetracycline_transcriptional_repressor/TETR/RequiresSNPConfirmation,319,328,245,149,87,37,142,310,190,127,484,153,143,135,17,169,207,68,139,534,98,80,173,105,208,61,415,187,416,82,89,261,120,173,250,43,0,243,85,30
MEG_7857/Metals/Zinc_resistance/Zinc_resistance_protein/ZNUB,0,0,0,0,0,0,0,4,0,0,0,0,0,0,0,0,0,0,0,0,0,0,0,0,0,0,0,0,0,0,0,0,0,0,0,0,0,0,0,0
MEG_7302/Drugs/Elfamycins/EF_Tu_inhibition/TUFAB/RequiresSNPConfirmation,239,0,0,0,0,0,0,0,0,0,302,0,0,137,0,165,0,0,412,0,829,0,0,0,0,208,202,287,144,0,0,0,0,0,0,0,149,0,0,216
MEG_7142/Drugs/Tetracyclines/Tetracycline_resistance_ribosomal_protection_proteins/TETM,0,0,123,0,0,92,85,75,0,0,42,63,63,0,0,87,70,0,0,118,0,73,84,0,88,65,72,0,44,0,0,90,59,73,136,0,0,58,79,65
MEG_3238/Drugs/Fluoroquinolones/Fluoroquinolone_resistant_DNA_topoisomerases/GYRB/RequiresSNPConfirmation,0,0,0,0,0,0,0,0,0,0,0,0,0,0,0,0,0,0,488,0,0,0,0,0,0,0,0,0,0,0,0,0,0,0,0,0,0,0,0,0
